visit_id,location,date,day,time,time_of_day,semester_week,temperature,temp_bucket,weather,total_chairs,total_tables,occupied_chairs,available_chairs,chair_occupancy_rate,occupied_tables,available_tables,table_occupancy_rate
1,first_floor_circle_lounge,9/28/2026,Monday,17:02,Afternoon,6,66,60,Sunny,182,32,39,143,21.43%,22,10,68.75%
2,montgomery_lounge,9/28/2026,Monday,17:04,Afternoon,6,66,60,Sunny,72,10,29,43,40.28%,10,0,100.00%
3,pier_room,9/28/2026,Monday,17:06,Afternoon,6,66,60,Sunny,116,26,44,72,37.93%,26,0,100.00%
4,east_terrace,9/28/2026,Monday,17:16,Afternoon,6,66,60,Sunny,78,26,26,52,33.33%,26,0,100.00%
5,west_terrace,9/28/2026,Monday,17:12,Afternoon,6,66,60,Sunny,128,37,14,114,10.94%,37,0,100.00%
6,inner_circle,9/28/2026,Monday,17:14,Afternoon,6,66,60,Sunny,282,70,68,214,24.11%,52,18,74.29%
7,commuter_center,9/28/2026,Monday,17:20,Afternoon,6,66,60,Sunny,54,23,37,17,68.52%,23,0,100.00%
8,montgomery_lounge,9/29/2026,Tuesday,9:00,Morning,6,63,60,Sunny,72,10,23,49,31.94%,10,0,100.00%
9,first_floor_circle_lounge,9/29/2026,Tuesday,9:02,Morning,6,63,60,Sunny,182,32,15,167,8.24%,13,19,40.63%
10,pier_room,9/29/2026,Tuesday,9:05,Morning,6,63,60,Sunny,116,26,32,84,27.59%,24,2,92.31%
11,west_terrace,9/29/2026,Tuesday,9:07,Morning,6,63,60,Sunny,128,37,31,97,24.22%,25,12,67.57%
12,commuter_center,9/29/2026,Tuesday,9:09,Morning,6,63,60,Sunny,54,23,33,21,61.11%,20,3,86.96%
13,inner_circle,9/29/2026,Tuesday,9:11,Morning,6,63,60,Sunny,282,70,29,253,10.28%,19,51,27.14%
14,east_terrace,9/29/2026,Tuesday,9:13,Morning,6,63,60,Sunny,78,26,22,56,28.21%,21,5,80.77%
15,first_floor_circle_lounge,9/29/2026,Tuesday,13:32,Midday,6,75,70,Sunny,182,32,71,111,39.01%,32,0,100.00%
16,montgomery_lounge,9/29/2026,Tuesday,13:34,Midday,6,75,70,Sunny,72,10,56,16,77.78%,10,0,100.00%
17,pier_room,9/29/2026,Tuesday,13:36,Midday,6,75,70,Sunny,116,26,88,28,75.86%,26,0,100.00%
18,east_terrace,9/29/2026,Tuesday,13:39,Midday,6,75,70,Sunny,78,26,37,41,47.44%,24,2,92.31%
19,west_terrace,9/29/2026,Tuesday,13:41,Midday,6,75,70,Sunny,128,37,80,48,62.50%,34,3,91.89%
20,inner_circle,9/29/2026,Tuesday,13:45,Midday,6,75,70,Sunny,282,70,89,193,31.56%,62,8,88.57%
21,commuter_center,9/29/2026,Tuesday,13:47,Midday,6,75,70,Sunny,54,23,41,13,75.93%,23,0,100.00%
22,first_floor_circle_lounge,9/30/2026,Wednesday,8:47,Morning,6,62,60,Rain,182,32,9,173,4.95%,8,24,25.00%
23,montgomery_lounge,9/30/2026,Wednesday,8:49,Morning,6,62,60,Rain,72,10,22,50,30.56%,10,0,100.00%
24,pier_room,9/30/2026,Wednesday,8:51,Morning,6,62,60,Rain,116,26,28,88,24.14%,18,8,69.23%
25,west_terrace,9/30/2026,Wednesday,8:54,Morning,6,62,60,Rain,128,37,4,124,3.13%,4,33,10.81%
26,commuter_center,9/30/2026,Wednesday,8:55,Morning,6,62,60,Rain,54,23,16,38,29.63%,11,12,47.83%
27,inner_circle,9/30/2026,Wednesday,8:58,Morning,6,62,60,Rain,282,70,22,260,7.80%,19,51,27.14%
28,east_terrace,9/30/2026,Wednesday,9:00,Morning,6,62,60,Rain,78,26,24,54,30.77%,17,9,65.38%
29,commuter_center,9/30/2026,Wednesday,12:24,Midday,6,63,60,Rain,54,23,48,6,88.89%,23,0,100.00%
30,first_floor_circle_lounge,9/30/2026,Wednesday,18:08,Afternoon,6,62,60,Rain,182,32,25,157,13.74%,13,19,40.63%
31,montgomery_lounge,9/30/2026,Wednesday,18:05,Afternoon,6,62,60,Rain,72,10,22,50,30.56%,10,0,100.00%
32,pier_room,9/30/2026,Wednesday,18:13,Afternoon,6,62,60,Rain,116,26,40,76,34.48%,22,4,84.62%
33,west_terrace,9/30/2026,Wednesday,18:11,Afternoon,6,62,60,Rain,128,37,2,126,1.56%,1,36,2.70%
34,commuter_center,9/30/2026,Wednesday,18:18,Afternoon,6,62,60,Rain,54,23,16,38,29.63%,11,12,47.83%
35,inner_circle,9/30/2026,Wednesday,18:15,Afternoon,6,62,60,Rain,282,70,13,269,4.61%,11,59,15.71%
36,east_terrace,9/30/2026,Wednesday,18:10,Afternoon,6,62,60,Rain,78,26,11,67,14.10%,7,19,26.92%
37,commuter_center,9/30/2026,Wednesday,17:53,Afternoon,6,63,60,Rain,54,23,41,13,75.93%,23,0,100.00%
38,first_floor_circle_lounge,10/1/2026,Thursday,8:05,Morning,6,66,60,Rain,182,32,18,164,9.89%,7,25,21.88%
39,montgomery_lounge,10/1/2026,Thursday,8:12,Morning,6,66,60,Rain,72,10,6,66,8.33%,2,8,20.00%
40,pier_room,10/1/2026,Thursday,8:14,Morning,6,66,60,Rain,116,26,29,87,25.00%,12,14,46.15%
41,west_terrace,10/1/2026,Thursday,8:18,Morning,6,66,60,Rain,128,37,8,120,6.25%,3,34,8.11%
42,commuter_center,10/1/2026,Thursday,8:21,Morning,6,66,60,Rain,54,23,14,40,25.93%,6,17,26.09%
43,inner_circle,10/1/2026,Thursday,8:26,Morning,6,66,60,Rain,282,70,32,250,11.35%,13,57,18.57%
44,east_terrace,10/1/2026,Thursday,8:30,Morning,6,66,60,Rain,78,26,19,59,24.36%,8,18,30.77%
45,commuter_center,10/1/2026,Thursday,13:00,Midday,6,72,70,Rain,54,23,39,15,72.22%,23,0,100.00%
46,first_floor_circle_lounge,10/1/2026,Thursday,12:34,Midday,6,72,70,Rain,182,32,25,157,13.74%,13,19,40.63%
47,montgomery_lounge,10/1/2026,Thursday,12:38,Midday,6,72,70,Rain,72,10,38,34,52.78%,10,0,100.00%
48,pier_room,10/1/2026,Thursday,12:42,Midday,6,72,70,Rain,116,26,72,44,62.07%,25,1,96.15%
49,west_terrace,10/1/2026,Thursday,12:44,Midday,6,72,70,Rain,128,37,55,73,42.97%,34,3,91.89%
50,commuter_center,10/1/2026,Thursday,12:46,Midday,6,72,70,Rain,54,23,40,14,74.07%,23,0,100.00%
51,inner_circle,10/1/2026,Thursday,12:48,Midday,6,72,70,Rain,282,70,100,182,35.46%,61,9,87.14%
52,east_terrace,10/1/2026,Thursday,12:51,Midday,6,72,70,Rain,78,26,60,18,76.92%,24,2,92.31%
53,montgomery_lounge,10/1/2026,Thursday,16:04,Afternoon,6,67,60,Rain,72,10,49,23,68.06%,9,1,90.00%
54,pier_room,10/1/2026,Thursday,16:06,Afternoon,6,67,60,Rain,116,26,58,58,50.00%,23,3,88.46%
55,west_terrace,10/1/2026,Thursday,16:10,Afternoon,6,67,60,Rain,128,37,15,113,11.72%,9,28,24.32%
56,commuter_center,10/1/2026,Thursday,16:15,Afternoon,6,67,60,Rain,54,23,24,30,44.44%,15,8,65.22%
57,first_floor_circle_lounge,10/1/2026,Thursday,16:22,Afternoon,6,67,60,Rain,182,32,50,132,27.47%,32,0,100.00%
58,inner_circle,10/1/2026,Thursday,16:30,Afternoon,6,67,60,Rain,282,70,87,195,30.85%,48,22,68.57%
59,east_terrace,10/1/2026,Thursday,16:32,Afternoon,6,67,60,Rain,78,26,29,49,37.18%,24,2,92.31%
60,first_floor_circle_lounge,10/2/2026,Friday,8:03,Morning,6,59,50,Cloudy,182,32,17,165,9.34%,15,17,46.88%
61,montgomery_lounge,10/2/2026,Friday,8:05,Morning,6,59,50,Cloudy,72,10,20,52,27.78%,6,4,60.00%
62,pier_room,10/2/2026,Friday,8:07,Morning,6,59,50,Cloudy,116,26,41,75,35.34%,20,6,76.92%
63,west_terrace,10/2/2026,Friday,8:11,Morning,6,59,50,Cloudy,128,37,6,122,4.69%,4,33,10.81%
64,commuter_center,10/2/2026,Friday,8:15,Morning,6,59,50,Cloudy,54,23,30,24,55.56%,21,2,91.30%
65,inner_circle,10/2/2026,Friday,8:18,Morning,6,59,50,Cloudy,282,70,47,235,16.67%,27,43,38.57%
66,east_terrace,10/2/2026,Friday,8:22,Morning,6,59,50,Cloudy,78,26,30,48,38.46%,20,6,76.92%
67,first_floor_circle_lounge,10/2/2026,Friday,13:07,Midday,6,64,60,Sunny,182,32,20,162,10.99%,16,16,50.00%
68,montgomery_lounge,10/2/2026,Friday,13:10,Midday,6,64,60,Sunny,72,10,23,49,31.94%,6,4,60.00%
69,pier_room,10/2/2026,Friday,13:13,Midday,6,64,60,Sunny,116,26,45,71,38.79%,21,5,80.77%
70,west_terrace,10/2/2026,Friday,13:16,Midday,6,64,60,Sunny,128,37,10,118,7.81%,6,31,16.22%
71,commuter_center,10/2/2026,Friday,13:19,Midday,6,64,60,Sunny,54,23,32,22,59.26%,22,1,95.65%
72,inner_circle,10/2/2026,Friday,13:22,Midday,6,64,60,Sunny,282,70,52,230,18.44%,31,39,44.29%
73,east_terrace,10/2/2026,Friday,13:25,Midday,6,64,60,Sunny,78,26,32,46,41.03%,21,5,80.77%
74,first_floor_circle_lounge,10/5/2026,Monday,8:54,Morning,7,58,50,Sunny,182,32,16,166,8.79%,10,22,31.25%
75,montgomery_lounge,10/5/2026,Monday,8:56,Morning,7,58,50,Sunny,72,10,20,52,27.78%,10,0,100.00%
76,pier_room,10/5/2026,Monday,8:58,Morning,7,58,50,Sunny,116,26,33,83,28.45%,25,1,96.15%
77,west_terrace,10/5/2026,Monday,9:00,Morning,7,58,50,Sunny,128,37,4,124,3.13%,4,33,10.81%
78,commuter_center,10/5/2026,Monday,9:02,Morning,7,58,50,Sunny,54,23,21,33,38.89%,16,7,69.57%
79,inner_circle,10/5/2026,Monday,9:04,Morning,7,58,50,Sunny,282,70,20,262,7.09%,17,53,24.29%
80,east_terrace,10/5/2026,Monday,9:06,Morning,7,58,50,Sunny,78,26,18,60,23.08%,14,12,53.85%
81,west_terrace,10/5/2026,Monday,17:03,Afternoon,7,63,60,Sunny,128,37,12,116,9.38%,8,29,21.62%
82,inner_circle,10/5/2026,Monday,17:05,Afternoon,7,63,60,Sunny,282,70,41,241,14.54%,27,43,38.57%
83,commuter_center,10/5/2026,Monday,17:08,Afternoon,7,63,60,Sunny,54,23,20,34,37.04%,16,7,69.57%
84,east_terrace,10/5/2026,Monday,17:13,Afternoon,7,63,60,Sunny,78,26,18,60,23.08%,15,11,57.69%
85,pier_room,10/5/2026,Monday,17:16,Afternoon,7,63,60,Sunny,116,26,30,86,25.86%,19,7,73.08%
86,montgomery_lounge,10/5/2026,Monday,17:21,Afternoon,7,63,60,Sunny,72,10,15,57,20.83%,10,0,100.00%
87,first_floor_circle_lounge,10/5/2026,Monday,17:26,Afternoon,7,63,60,Cloudy,182,32,30,152,16.48%,17,15,53.13%
88,first_floor_circle_lounge,10/6/2026,Tuesday,8:52,Morning,7,58,50,Sunny,182,32,11,171,6.04%,8,24,25.00%
89,montgomery_lounge,10/6/2026,Tuesday,8:54,Morning,7,58,50,Sunny,72,10,17,55,23.61%,10,0,100.00%
90,pier_room,10/6/2026,Tuesday,8:56,Morning,7,58,50,Sunny,116,26,39,77,33.62%,25,1,96.15%
91,west_terrace,10/6/2026,Tuesday,8:58,Morning,7,58,50,Sunny,128,37,1,127,0.78%,1,36,2.70%
92,commuter_center,10/6/2026,Tuesday,9:00,Morning,7,58,50,Sunny,54,23,14,40,25.93%,10,13,43.48%
93,inner_circle,10/6/2026,Tuesday,9:02,Morning,7,58,50,Sunny,282,70,21,261,7.45%,16,54,22.86%
94,east_terrace,10/6/2026,Tuesday,9:04,Morning,7,58,50,Sunny,78,26,12,66,15.38%,11,15,42.31%
95,first_floor_circle_lounge,10/6/2026,Tuesday,13:32,Midday,7,73,70,Sunny,182,32,71,111,39.01%,32,0,100.00%
96,montgomery_lounge,10/6/2026,Tuesday,13:34,Midday,7,73,70,Sunny,72,10,39,33,54.17%,10,0,100.00%
97,pier_room,10/6/2026,Tuesday,13:36,Midday,7,73,70,Sunny,116,26,48,68,41.38%,25,1,96.15%
98,west_terrace,10/6/2026,Tuesday,13:38,Midday,7,73,70,Sunny,128,37,39,89,30.47%,26,11,70.27%
99,commuter_center,10/6/2026,Tuesday,13:40,Midday,7,73,70,Sunny,54,23,45,9,83.33%,23,0,100.00%
100,inner_circle,10/6/2026,Tuesday,13:42,Midday,7,73,70,Sunny,282,70,127,155,45.04%,52,18,74.29%
101,east_terrace,10/6/2026,Tuesday,13:44,Midday,7,73,70,Sunny,78,26,53,25,67.95%,24,2,92.31%
102,first_floor_circle_lounge,10/7/2026,Wednesday,8:54,Morning,7,63,60,Sunny,182,32,9,173,4.95%,7,25,21.88%
103,montgomery_lounge,10/7/2026,Wednesday,8:55,Morning,7,63,60,Sunny,72,10,21,51,29.17%,10,0,100.00%
104,pier_room,10/7/2026,Wednesday,8:56,Morning,7,63,60,Sunny,116,26,26,90,22.41%,19,7,73.08%
105,west_terrace,10/7/2026,Wednesday,8:57,Morning,7,63,60,Sunny,128,37,4,124,3.13%,4,33,10.81%
106,commuter_center,10/7/2026,Wednesday,8:58,Morning,7,63,60,Sunny,54,23,52,230,96.30%,14,9,60.87%
107,inner_circle,10/7/2026,Wednesday,8:59,Morning,7,63,60,Sunny,282,70,20,262,7.09%,17,53,24.29%
108,east_terrace,10/7/2026,Wednesday,9:00,Morning,7,63,60,Sunny,78,26,14,64,17.95%,10,16,38.46%
109,inner_circle,10/7/2026,Wednesday,12:00,Midday,7,75,70,Sunny,282,70,158,124,56.03%,70,0,100.00%
110,west_terrace,10/7/2026,Wednesday,12:00,Midday,7,75,70,Sunny,128,37,57,71,44.53%,37,0,100.00%
111,commuter_center,10/7/2026,Wednesday,12:00,Midday,7,75,70,Sunny,54,23,54,0,100.00%,23,0,100.00%
112,east_terrace,10/7/2026,Wednesday,12:00,Midday,7,75,70,Sunny,78,26,64,14,82.05%,26,0,100.00%
113,pier_room,10/7/2026,Wednesday,12:00,Midday,7,75,70,Sunny,116,26,54,62,46.55%,24,2,92.31%
114,first_floor_circle_lounge,10/7/2026,Wednesday,12:00,Midday,7,75,70,Sunny,182,32,78,104,42.86%,31,1,96.88%
115,montgomery_lounge,10/7/2026,Wednesday,12:00,Midday,7,75,70,Sunny,72,10,33,39,45.83%,10,0,100.00%
116,east_terrace,10/7/2026,Wednesday,17:02,Afternoon,7,73,70,Sunny,78,26,30,48,38.46%,21,5,80.77%
117,west_terrace,10/7/2026,Wednesday,17:04,Afternoon,7,73,70,Sunny,128,37,18,110,14.06%,27,10,72.97%
118,commuter_center,10/7/2026,Wednesday,17:07,Afternoon,7,73,70,Sunny,54,23,34,20,62.96%,17,6,73.91%
119,inner_circle,10/7/2026,Wednesday,17:09,Afternoon,7,73,70,Sunny,282,70,88,194,31.21%,46,24,65.71%
120,pier_room,10/7/2026,Wednesday,17:13,Afternoon,7,73,70,Sunny,116,26,54,62,46.55%,22,4,84.62%
121,montgomery_lounge,10/7/2026,Wednesday,17:14,Afternoon,7,73,70,Sunny,72,10,37,35,51.39%,9,1,90.00%
122,first_floor_circle_lounge,10/7/2026,Wednesday,17:18,Afternoon,7,73,70,Sunny,182,32,25,157,13.74%,15,17,46.88%
123,first_floor_circle_lounge,10/8/2026,Thursday,8:48,Morning,7,58,50,Sunny,182,32,7,175,3.85%,7,25,21.88%
124,montgomery_lounge,10/8/2026,Thursday,8:49,Morning,7,58,50,Sunny,72,10,10,62,13.89%,7,3,70.00%
125,pier_room,10/8/2026,Thursday,8:50,Morning,7,58,50,Sunny,116,26,27,89,23.28%,22,4,84.62%
126,west_terrace,10/8/2026,Thursday,8:51,Morning,7,58,50,Sunny,128,37,4,124,3.13%,4,33,10.81%
127,commuter_center,10/8/2026,Thursday,8:52,Morning,7,58,50,Sunny,54,23,15,39,27.78%,12,11,52.17%
128,inner_circle,10/8/2026,Thursday,8:53,Morning,7,58,50,Sunny,282,70,21,261,7.45%,19,51,27.14%
129,east_terrace,10/8/2026,Thursday,8:54,Morning,7,58,50,Sunny,78,26,14,64,17.95%,11,15,42.31%
130,first_floor_circle_lounge,10/8/2026,Thursday,13:28,Midday,7,72,70,Sunny,182,32,66,116,36.26%,29,3,90.63%
131,montgomery_lounge,10/8/2026,Thursday,13:30,Midday,7,72,70,Sunny,72,10,31,41,43.06%,10,0,100.00%
132,pier_room,10/8/2026,Thursday,13:32,Midday,7,72,70,Sunny,116,26,50,66,43.10%,26,0,100.00%
133,west_terrace,10/8/2026,Thursday,13:34,Midday,7,72,70,Sunny,128,37,39,89,30.47%,27,10,72.97%
134,commuter_center,10/8/2026,Thursday,13:36,Midday,7,72,70,Sunny,54,23,54,0,100.00%,21,2,91.30%
135,inner_circle,10/8/2026,Thursday,13:38,Midday,7,72,70,Sunny,282,70,120,162,42.55%,68,2,97.14%
136,east_terrace,10/8/2026,Thursday,13:40,Midday,7,72,70,Sunny,78,26,43,35,55.13%,26,0,100.00%